{
  "close": 1.719211043575894,
  "close_open_range": 0.03156910898975112,
  "funding_change": 0.002490881602430361,
  "funding_rate": 0.3870594736947255,
  "funding_zscore": 0.054351181521402836,
  "high": 1.688291153767627,
  "high_low_range": 0.10747262446267472,
  "hurst_exponent": 0.031161368542424732,
  "log_return": 0.03156910898975112,
  "low": 1.7241555959848998,
  "open": 1.7191529342732574,
  "parkinson_volatility_1": 0.10737387099932437,
  "parkinson_volatility_15": 0.1262008698261728,
  "parkinson_volatility_3": 0.12275851665812623,
  "parkinson_volatility_30": 0.12575968557270034,
  "parkinson_volatility_5": 0.11600415074035238,
  "parkinson_volatility_60": 0.11995319425141118,
  "realized_vol_percentile": 0.01770187571589048,
  "realized_volatility_1": 0.0340791563673862,
  "realized_volatility_15": 0.11699077695549831,
  "realized_volatility_3": 0.08616738259339593,
  "realized_volatility_30": 0.11449099143343983,
  "realized_volatility_5": 0.11436637959450777,
  "realized_volatility_60": 0.14762045965309678,
  "rolling_entropy": 0.2214263102074644,
  "rolling_return_1": 0.03156910898975112,
  "rolling_return_15": 0.02558065712287978,
  "rolling_return_3": 0.015395035797390016,
  "rolling_return_30": 0.026976817669687174,
  "rolling_return_5": 0.020669058431241158,
  "rolling_return_60": 0.05944308817448121,
  "rolling_volatility_15": 0.10966573211344467,
  "rolling_volatility_3": 0.043563151567109985,
  "rolling_volatility_30": 0.10807674186225857,
  "rolling_volatility_5": 0.08515572173415756,
  "rolling_volatility_60": 0.14247728232114223,
  "session_asia": 0.0,
  "session_europe": 0.0,
  "session_us": 0.0,
  "trend_strength": 0.04379576678330713,
  "volume": 0.17669228625653902,
  "vwap": 1.7395045170021703,
  "vwap_distance": 0.03842231645397575
}