{
  "accuracy": 0.5503801579685539,
  "balanced_accuracy": 0.5503801579685539,
  "f1": 0.5676769110653701,
  "information_coefficient": 0.052940339434702985,
  "log_loss": 0.6842426087247461,
  "mcc": 0.10108444913198418,
  "mutual_information": 0.00685313836540713,
  "pearson_corr": 0.019292942892583025,
  "precision": 0.546647529218782,
  "recall": 0.5903890160183066,
  "roc_auc": 0.5713103764480976,
  "spearman_corr": 0.052940339434702985
}