{
  "hit_rate": 0.0398612238872075,
  "max_drawdown": -1.061985088829016,
  "profit_factor": 0.7187801750569993,
  "sharpe_ratio": -6.62615465639353,
  "sortino_ratio": -3.5991068490950755,
  "turnover": 0.118550232523806
}