{
  "session_asia=0": {
    "accuracy": 0.5540846158089249,
    "balanced_accuracy": 0.5533068261407149,
    "f1": 0.585690856908569,
    "log_loss": 0.6845616357845176,
    "mcc": 0.10769043769564343,
    "precision": 0.552237363487001,
    "recall": 0.6234588106928532,
    "roc_auc": 0.5732984979866121
  },
  "session_asia=1": {
    "accuracy": 0.5428890128276631,
    "balanced_accuracy": 0.5424139057754468,
    "f1": 0.5271174705746596,
    "log_loss": 0.6835974730229502,
    "mcc": 0.08488976405529758,
    "precision": 0.5331465919701214,
    "recall": 0.521223185759927,
    "roc_auc": 0.565541839829752
  },
  "session_europe=0": {
    "accuracy": 0.5550689471503817,
    "balanced_accuracy": 0.555582860962865,
    "f1": 0.5694158075601374,
    "log_loss": 0.6825139416796372,
    "mcc": 0.111508446135953,
    "precision": 0.5451255620133787,
    "recall": 0.595971706030452,
    "roc_auc": 0.5769518130276667
  },
  "session_europe=1": {
    "accuracy": 0.5426105717367853,
    "balanced_accuracy": 0.5417741369732518,
    "f1": 0.5648441873483859,
    "log_loss": 0.687107106818421,
    "mcc": 0.08380577504471852,
    "precision": 0.5491654571843251,
    "recall": 0.5814444871302343,
    "roc_auc": 0.5619855078365029
  },
  "session_us=0": {
    "accuracy": 0.5460005947071067,
    "balanced_accuracy": 0.5454782349764624,
    "f1": 0.5300418616104408,
    "log_loss": 0.6834658730707629,
    "mcc": 0.09099473025267316,
    "precision": 0.533457249070632,
    "recall": 0.526669929043308,
    "roc_auc": 0.5696085264125794
  },
  "session_us=1": {
    "accuracy": 0.557544508220644,
    "balanced_accuracy": 0.5513676094382316,
    "f1": 0.6189039718451483,
    "log_loss": 0.6855132391383784,
    "mcc": 0.10679522403703011,
    "precision": 0.5628715134887975,
    "recall": 0.6873255164712451,
    "roc_auc": 0.567113776974741
  },
  "volatility_regime=high": {
    "accuracy": 0.5417793227758465,
    "balanced_accuracy": 0.5314738355897857,
    "f1": 0.6323726887718211,
    "log_loss": 0.6883294607230659,
    "mcc": 0.07026870199131312,
    "precision": 0.5449528217909916,
    "recall": 0.7531988188976378,
    "roc_auc": 0.5426755492992487
  },
  "volatility_regime=low": {
    "accuracy": 0.553773204196933,
    "balanced_accuracy": 0.5461401114867912,
    "f1": 0.4605439687766801,
    "log_loss": 0.6809735335353998,
    "mcc": 0.09636695529627456,
    "precision": 0.5385054192812322,
    "recall": 0.40230129980822504,
    "roc_auc": 0.5800605133752345
  },
  "volatility_regime=medium": {
    "accuracy": 0.5539033457249071,
    "balanced_accuracy": 0.5524293855442081,
    "f1": 0.5921538162750049,
    "log_loss": 0.6843127620764028,
    "mcc": 0.10639218237124541,
    "precision": 0.5535584604212055,
    "recall": 0.6365344467640919,
    "roc_auc": 0.5742135078711279
  }
}