{
  "hit_rate": 0.055373657654575886,
  "max_drawdown": -0.8859559768508203,
  "profit_factor": 1.2273475064903783,
  "sharpe_ratio": 4.356874853951398,
  "sortino_ratio": 3.1836088354904497,
  "turnover": 0.17765995137624765
}