{
  "accuracy": 0.6322981442341759,
  "balanced_accuracy": 0.632298144234176,
  "f1": 0.6716093026300716,
  "information_coefficient": 0.199558787804152,
  "log_loss": 0.6585551083569671,
  "mcc": 0.272522093786247,
  "mutual_information": 0.05568133049591606,
  "pearson_corr": 0.11786589743217792,
  "precision": 0.606742237555446,
  "recall": 0.7520066460606208,
  "roc_auc": 0.6814823741707146,
  "spearman_corr": 0.199558787804152
}