{
  "accuracy": 0.5176700226011917,
  "always_down_accuracy": 0.5,
  "always_up_accuracy": 0.5,
  "balanced_accuracy": 0.5176700226011917,
  "down_ratio": 0.5,
  "f1": 0.5571172530893312,
  "information_coefficient": 0.04914606431062704,
  "log_loss": 0.6917286042844811,
  "mcc": 0.035914482001552415,
  "mutual_information": 0.0008185374989793104,
  "pearson_corr": 0.02500209276427769,
  "precision": 0.5149982560167422,
  "recall": 0.6067392644339429,
  "roc_auc": 0.5309605550798983,
  "rows": 19468,
  "spearman_corr": 0.04914606431062704,
  "up_ratio": 0.5
}