{
  "session_asia=0": {
    "accuracy": 0.5157513671724563,
    "balanced_accuracy": 0.5159473226006601,
    "f1": 0.5543347274402779,
    "log_loss": 0.6918321365095376,
    "mcc": 0.032396706598748465,
    "precision": 0.5124508519003932,
    "recall": 0.6036745406824147,
    "roc_auc": 0.5293793959196629
  },
  "session_asia=1": {
    "accuracy": 0.5215111796453354,
    "balanced_accuracy": 0.5211009629816478,
    "f1": 0.5626497533474277,
    "log_loss": 0.691521332290972,
    "mcc": 0.04293173675284146,
    "precision": 0.5200625325690463,
    "recall": 0.6128338962235186,
    "roc_auc": 0.5342312468540735
  },
  "session_europe=0": {
    "accuracy": 0.5206930530464773,
    "balanced_accuracy": 0.5206518722991899,
    "f1": 0.557769527994545,
    "log_loss": 0.6914324493791633,
    "mcc": 0.04189337844176467,
    "precision": 0.5179400590966653,
    "recall": 0.6042350623768877,
    "roc_auc": 0.5338601246005763
  },
  "session_europe=1": {
    "accuracy": 0.5126200274348423,
    "balanced_accuracy": 0.512700872857597,
    "f1": 0.5560414844433338,
    "log_loss": 0.6922233332881795,
    "mcc": 0.02590646882266271,
    "precision": 0.5102040816326531,
    "recall": 0.6109280615046677,
    "roc_auc": 0.5261720669311252
  },
  "session_us=0": {
    "accuracy": 0.5247532894736842,
    "balanced_accuracy": 0.524588316436482,
    "f1": 0.5618318295549322,
    "log_loss": 0.6908463487485526,
    "mcc": 0.04987927775548881,
    "precision": 0.5220515710863746,
    "recall": 0.6081746552856205,
    "roc_auc": 0.5396825283036508
  },
  "session_us=1": {
    "accuracy": 0.5058839627805145,
    "balanced_accuracy": 0.5062062354904726,
    "f1": 0.5493572943966055,
    "log_loss": 0.6931966156852598,
    "mcc": 0.012658494892392291,
    "precision": 0.5035460992907801,
    "recall": 0.6043382756727073,
    "roc_auc": 0.5170779890188211
  },
  "volatility_regime=high": {
    "accuracy": 0.5042854295395655,
    "balanced_accuracy": 0.50541777233449,
    "f1": 0.5279939267413172,
    "log_loss": 0.693624769409797,
    "mcc": 0.010911653557006604,
    "precision": 0.49537037037037035,
    "recall": 0.5652173913043478,
    "roc_auc": 0.5137218861500757
  },
  "volatility_regime=low": {
    "accuracy": 0.5202357563850688,
    "balanced_accuracy": 0.5209282088499763,
    "f1": 0.5623132990799379,
    "log_loss": 0.6910995915325159,
    "mcc": 0.04271151973363303,
    "precision": 0.5139799038881607,
    "recall": 0.6206805592192034,
    "roc_auc": 0.5396510808912395
  },
  "volatility_regime=medium": {
    "accuracy": 0.5246478873239436,
    "balanced_accuracy": 0.5225113506879324,
    "f1": 0.5716552088841883,
    "log_loss": 0.6910375027480293,
    "mcc": 0.0459190585149261,
    "precision": 0.5296423321901029,
    "recall": 0.6209075244112578,
    "roc_auc": 0.5326093023784675
  }
}