{
  "close": 2.3540702159874076,
  "close_open_range": 0.024700651184196367,
  "funding_change": 0.003438244430318968,
  "funding_rate": 0.6960815724190923,
  "funding_zscore": 0.021204674145277574,
  "high": 2.395512787957833,
  "high_low_range": 0.06393129618494614,
  "hurst_exponent": 0.043762317593631785,
  "log_return": 0.024700651184196367,
  "low": 2.3446306661397545,
  "open": 2.3525307497695365,
  "parkinson_volatility_1": 0.06393136279009425,
  "parkinson_volatility_15": 0.07608482511496888,
  "parkinson_volatility_3": 0.06723148555720679,
  "parkinson_volatility_30": 0.06958693181895836,
  "parkinson_volatility_5": 0.06312404251920907,
  "parkinson_volatility_60": 0.047652813137029196,
  "realized_vol_percentile": 0.010910956593311228,
  "realized_volatility_1": 0.03023941113150266,
  "realized_volatility_15": 0.0667563216127477,
  "realized_volatility_3": 0.0586236934798524,
  "realized_volatility_30": 0.0708335441220124,
  "realized_volatility_5": 0.06634222163915034,
  "realized_volatility_60": 0.054514755907903764,
  "rolling_entropy": 0.19175668237215002,
  "rolling_return_1": 0.024700651184196367,
  "rolling_return_15": 0.023473674760537,
  "rolling_return_3": 0.011942919401957224,
  "rolling_return_30": 0.04425756057407899,
  "rolling_return_5": 0.010320730142680097,
  "rolling_return_60": 0.04648485059599143,
  "rolling_volatility_15": 0.06651235705362878,
  "rolling_volatility_3": 0.02921244341087811,
  "rolling_volatility_30": 0.07211617094887189,
  "rolling_volatility_5": 0.05295170593570893,
  "rolling_volatility_60": 0.05315829079176178,
  "session_asia": 0.0,
  "session_europe": 0.0,
  "session_us": 0.0,
  "trend_strength": 0.040235560657163605,
  "volume": 0.37407589090465027,
  "vwap": 2.4097906739765382,
  "vwap_distance": 0.030526800979474366
}