{
  "session_asia=0": {
    "accuracy": 0.5300939963614312,
    "balanced_accuracy": 0.530011665218168,
    "f1": 0.5546375458007041,
    "log_loss": 0.6913044083551902,
    "mcc": 0.06038105820361264,
    "precision": 0.5278271571174621,
    "recall": 0.5843172873145626,
    "roc_auc": 0.5389759229271828
  },
  "session_asia=1": {
    "accuracy": 0.5306246209824136,
    "balanced_accuracy": 0.5308023460048191,
    "f1": 0.5559380378657487,
    "log_loss": 0.6911510035161891,
    "mcc": 0.062030738189635296,
    "precision": 0.5260586319218241,
    "recall": 0.5894160583941606,
    "roc_auc": 0.5362479754896337
  },
  "session_europe=0": {
    "accuracy": 0.5306946688206785,
    "balanced_accuracy": 0.530921806812206,
    "f1": 0.5529393659587566,
    "log_loss": 0.6910218449160752,
    "mcc": 0.062179407937540836,
    "precision": 0.5258305283184546,
    "recall": 0.5829952944994321,
    "roc_auc": 0.539131710351963
  },
  "session_europe=1": {
    "accuracy": 0.5295626349892009,
    "balanced_accuracy": 0.5291115452733155,
    "f1": 0.558581380620646,
    "log_loss": 0.6916400289084021,
    "mcc": 0.05867578530450287,
    "precision": 0.5295389048991355,
    "recall": 0.5909943714821764,
    "roc_auc": 0.5362328955694438
  },
  "session_us=0": {
    "accuracy": 0.5306386418755052,
    "balanced_accuracy": 0.530630107671247,
    "f1": 0.5542076167076168,
    "log_loss": 0.6914734394362122,
    "mcc": 0.06160452076473555,
    "precision": 0.5277859023106172,
    "recall": 0.5834141610087293,
    "roc_auc": 0.5356702831038999
  },
  "session_us=1": {
    "accuracy": 0.5296575896468051,
    "balanced_accuracy": 0.5296739474931451,
    "f1": 0.5565018431422397,
    "log_loss": 0.6908861321634551,
    "mcc": 0.059789579175004194,
    "precision": 0.5263284443375812,
    "recall": 0.5903451995685005,
    "roc_auc": 0.5420308897204849
  },
  "volatility_regime=high": {
    "accuracy": 0.520891364902507,
    "balanced_accuracy": 0.5212780866031683,
    "f1": 0.5515916575192097,
    "log_loss": 0.6929628246430488,
    "mcc": 0.04299340312383023,
    "precision": 0.5159137577002053,
    "recall": 0.5925707547169812,
    "roc_auc": 0.52559407619252
  },
  "volatility_regime=low": {
    "accuracy": 0.5388253241800153,
    "balanced_accuracy": 0.5386570048165265,
    "f1": 0.5557678177810433,
    "log_loss": 0.6896990798972514,
    "mcc": 0.07751179798146944,
    "precision": 0.5384396355353075,
    "recall": 0.5742484057090799,
    "roc_auc": 0.5497375850488644
  },
  "volatility_regime=medium": {
    "accuracy": 0.5315034310667498,
    "balanced_accuracy": 0.5314475648851716,
    "f1": 0.5581053250956164,
    "log_loss": 0.6910235306609067,
    "mcc": 0.06334876858084254,
    "precision": 0.5285594873223739,
    "recall": 0.5911498909317544,
    "roc_auc": 0.5389121312045122
  }
}