{
  "ask_depth_slope_10": NaN,
  "ask_depth_slope_20": NaN,
  "ask_depth_slope_5": NaN,
  "ask_depth_slope_50": NaN,
  "basis": NaN,
  "bid_ask_depth_ratio_10": 0.04631983772056426,
  "bid_ask_depth_ratio_20": 0.04631983772056426,
  "bid_ask_depth_ratio_5": 0.046764955938378955,
  "bid_depth_slope_10": NaN,
  "bid_depth_slope_20": NaN,
  "bid_depth_slope_5": NaN,
  "bid_depth_slope_50": NaN,
  "book_pressure_10": NaN,
  "book_pressure_20": NaN,
  "book_pressure_5": NaN,
  "book_pressure_50": NaN,
  "cancel_rate": NaN,
  "close": 1.483591939622748,
  "close_open_range": 0.06317555960223707,
  "depth_ratio_10": NaN,
  "depth_ratio_20": NaN,
  "depth_ratio_5": NaN,
  "depth_ratio_50": NaN,
  "depth_slope_10": NaN,
  "depth_slope_20": NaN,
  "depth_slope_5": NaN,
  "depth_slope_50": NaN,
  "funding_change": 0.0,
  "funding_rate": 0.0,
  "funding_zscore": NaN,
  "high": 1.514101068609961,
  "high_low_range": 0.09561021030093478,
  "log_return": 0.06323519295197176,
  "low": 1.4502385753793303,
  "microprice": NaN,
  "obi_10": NaN,
  "obi_20": NaN,
  "obi_5": NaN,
  "obi_50": NaN,
  "obi_delta_10": 0.06635007808435545,
  "obi_delta_5": 0.061843668399624026,
  "obi_pressure_ratio": 0.14073765588770892,
  "obi_raw_10": 0.04631983772056426,
  "obi_raw_20": 0.04631983772056426,
  "obi_raw_5": 0.046764955938378955,
  "obi_rolling_mean_15": 0.05099552925333648,
  "obi_rolling_mean_3": 0.0444667174880443,
  "obi_rolling_mean_5": 0.045657661657818385,
  "obi_rolling_std_15": 0.09208701533687542,
  "obi_rolling_std_3": 0.07349680168157142,
  "obi_rolling_std_5": 0.09647393980906,
  "obi_zscore_5": 0.038371058829077584,
  "oi_acceleration": NaN,
  "oi_change": NaN,
  "open": 1.4808613959108607,
  "open_interest": NaN,
  "parkinson_volatility_1": 0.09594871752268733,
  "parkinson_volatility_15": 0.15725891331151792,
  "parkinson_volatility_3": 0.11003414786845774,
  "parkinson_volatility_30": 0.22392896558750608,
  "parkinson_volatility_5": 0.11092115162182181,
  "parkinson_volatility_60": 0.3605352117347465,
  "queue_imbalance": NaN,
  "realized_volatility_1": 0.06737781473519355,
  "realized_volatility_15": 0.1893618770579103,
  "realized_volatility_3": 0.12709233922585045,
  "realized_volatility_30": 0.23856886709367325,
  "realized_volatility_5": 0.13448728928257203,
  "realized_volatility_60": 0.35617124073085143,
  "rolling_return_1": 0.06323519295197176,
  "rolling_return_15": 0.055247524740218046,
  "rolling_return_3": 0.0589517464565788,
  "rolling_return_30": 0.06076627013373019,
  "rolling_return_5": 0.05819343526736673,
  "rolling_return_60": 0.07425691968312415,
  "rolling_volatility_1": NaN,
  "rolling_volatility_15": 0.18815401377664767,
  "rolling_volatility_3": 0.09487772358640528,
  "rolling_volatility_30": 0.24003358851420908,
  "rolling_volatility_5": 0.1262135724971275,
  "rolling_volatility_60": 0.35470707822869213,
  "spread_bps": NaN,
  "trade_arrival_rate": NaN,
  "trade_imbalance": NaN,
  "volume": 0.11679956351162776,
  "volume_imbalance": NaN,
  "vwap": 1.4805742847399475,
  "vwap_distance": 0.06790122433540317,
  "weighted_ask_10": NaN,
  "weighted_ask_20": NaN,
  "weighted_ask_5": NaN,
  "weighted_ask_50": NaN,
  "weighted_bid_10": NaN,
  "weighted_bid_20": NaN,
  "weighted_bid_5": NaN,
  "weighted_bid_50": NaN,
  "weighted_midprice_10": NaN,
  "weighted_midprice_20": NaN,
  "weighted_midprice_5": NaN,
  "weighted_midprice_50": NaN
}