{
  "best_params": {
    "colsample_bytree": 0.7702273135192889,
    "learning_rate": 0.07161667639250698,
    "max_depth": 6,
    "min_child_samples": 873,
    "min_child_weight": 0.04974593486993096,
    "min_split_gain": 0.15347353779768302,
    "n_estimators": 1666,
    "num_leaves": 52,
    "reg_alpha": 1.8592141847602639e-06,
    "reg_lambda": 0.00012205820920528985,
    "subsample": 0.5390927636452362,
    "subsample_freq": 3
  },
  "best_value": 0.5750549426710502
}