{
  "session_asia=0": {
    "accuracy": 0.5485134315185615,
    "balanced_accuracy": 0.5477685975763391,
    "f1": 0.5793287762758904,
    "log_loss": 0.6842625763225455,
    "mcc": 0.09641949071966993,
    "precision": 0.5476097940147687,
    "recall": 0.6149481723949809,
    "roc_auc": 0.5715626888958514
  },
  "session_asia=1": {
    "accuracy": 0.5493586168432795,
    "balanced_accuracy": 0.5482261952149277,
    "f1": 0.5191621042608903,
    "log_loss": 0.6846362712125217,
    "mcc": 0.09694556279589298,
    "precision": 0.5425373134328358,
    "recall": 0.4977179370150616,
    "roc_auc": 0.5698314261036337
  },
  "session_europe=0": {
    "accuracy": 0.5541220334970705,
    "balanced_accuracy": 0.5545032371060139,
    "f1": 0.564105531127054,
    "log_loss": 0.6826903463961234,
    "mcc": 0.10918483762374624,
    "precision": 0.5451190875545119,
    "recall": 0.5844622946888862,
    "roc_auc": 0.5773297472356288
  },
  "session_europe=1": {
    "accuracy": 0.5399627341374914,
    "balanced_accuracy": 0.5394209384806598,
    "f1": 0.5564066193853427,
    "log_loss": 0.6871963944803755,
    "mcc": 0.07893552266436323,
    "precision": 0.547960514062209,
    "recall": 0.565117172493277,
    "roc_auc": 0.5617340756196343
  },
  "session_us=0": {
    "accuracy": 0.5455248290217068,
    "balanced_accuracy": 0.5443210889345826,
    "f1": 0.5173067205659424,
    "log_loss": 0.6839057902188038,
    "mcc": 0.08896218661285964,
    "precision": 0.5347349177330896,
    "recall": 0.5009787129924149,
    "roc_auc": 0.5701856623983277
  },
  "session_us=1": {
    "accuracy": 0.5541395077342154,
    "balanced_accuracy": 0.5475436626596011,
    "f1": 0.6189407167207117,
    "log_loss": 0.6851721524508706,
    "mcc": 0.0994029835801105,
    "precision": 0.5593627892996694,
    "recall": 0.6927228736273963,
    "roc_auc": 0.5658515395597667
  },
  "volatility_regime=high": {
    "accuracy": 0.5415218230977211,
    "balanced_accuracy": 0.5311678018036026,
    "f1": 0.6324698111260192,
    "log_loss": 0.6898002299914968,
    "mcc": 0.06966567962088058,
    "precision": 0.5447111111111111,
    "recall": 0.7539370078740157,
    "roc_auc": 0.5421034179564983
  },
  "volatility_regime=low": {
    "accuracy": 0.5508474576271186,
    "balanced_accuracy": 0.5418370247836841,
    "f1": 0.4395770392749245,
    "log_loss": 0.6804866096750024,
    "mcc": 0.08898801348979267,
    "precision": 0.537065518302061,
    "recall": 0.3720434689963776,
    "roc_auc": 0.5802748215422129
  },
  "volatility_regime=medium": {
    "accuracy": 0.5526287838555497,
    "balanced_accuracy": 0.5512884951757603,
    "f1": 0.5881087424212791,
    "log_loss": 0.6840253591215193,
    "mcc": 0.1038118389198393,
    "precision": 0.5531640912435615,
    "recall": 0.6277661795407098,
    "roc_auc": 0.5739451334424194
  }
}