{
  "accuracy": 0.5938023041305756,
  "balanced_accuracy": 0.5938023041305756,
  "f1": 0.624134481140874,
  "information_coefficient": 0.11454563654537352,
  "log_loss": 0.6700778787013605,
  "mcc": 0.19009692724658342,
  "mutual_information": 0.028687376853906432,
  "pearson_corr": 0.06369213604838338,
  "precision": 0.5807666414205167,
  "recall": 0.6745018508790148,
  "roc_auc": 0.6245286936057266,
  "spearman_corr": 0.11454563654537352
}