{
  "hit_rate": 0.08286806836646182,
  "max_drawdown": -4.531363740117234,
  "profit_factor": 0.8882545448901755,
  "sharpe_ratio": -3.27163394187703,
  "sortino_ratio": -2.5268756795288625,
  "turnover": 0.23846407584328003
}