{
  "close": 2.050618672747682,
  "close_open_range": 0.011098332571389749,
  "funding_change": 0.00020892668761045527,
  "funding_rate": 0.9001880999554619,
  "funding_zscore": 0.012481549269369174,
  "high": 2.0530700518278797,
  "high_low_range": 0.032292071321405304,
  "hurst_exponent": 0.062121342890827574,
  "log_return": 0.011016174693247234,
  "low": 2.095398485550917,
  "open": 2.0501316665165423,
  "parkinson_volatility_1": 0.03265389989058386,
  "parkinson_volatility_15": 0.027489053973651187,
  "parkinson_volatility_3": 0.033854180521850095,
  "parkinson_volatility_30": 0.029409132626952616,
  "parkinson_volatility_5": 0.034150370394466806,
  "parkinson_volatility_60": 0.0355067889883167,
  "realized_vol_percentile": 0.0168685412043126,
  "realized_volatility_1": 0.013566980905947903,
  "realized_volatility_15": 0.04004454704690141,
  "realized_volatility_3": 0.03392756866701018,
  "realized_volatility_30": 0.0446647326282632,
  "realized_volatility_5": 0.04640666943928528,
  "realized_volatility_60": 0.07465675957803944,
  "rolling_entropy": 0.12759661689883456,
  "rolling_return_1": 0.011016174693247234,
  "rolling_return_15": 0.008415166803094443,
  "rolling_return_3": 0.006547636055186787,
  "rolling_return_30": 0.009743172249569282,
  "rolling_return_5": 0.00337089366904098,
  "rolling_return_60": 0.014003817747365314,
  "rolling_volatility_15": 0.034251493357269056,
  "rolling_volatility_3": 0.015728753853728857,
  "rolling_volatility_30": 0.04368957201794914,
  "rolling_volatility_5": 0.03615640715832388,
  "rolling_volatility_60": 0.07242543367377884,
  "session_asia": 0.0,
  "session_europe": 0.0,
  "session_us": 0.0,
  "trend_strength": 0.013929982588671258,
  "volume": 0.16694366298726904,
  "vwap": 2.0520101018624533,
  "vwap_distance": 0.01900671102094742
}