{
  "session_asia=0": {
    "accuracy": 0.5084946327444848,
    "balanced_accuracy": 0.5084856696070844,
    "f1": 0.5063248153493506,
    "log_loss": 0.6938645126502664,
    "mcc": 0.016971503145101086,
    "precision": 0.5068842427332994,
    "recall": 0.5057666214382632,
    "roc_auc": 0.5093052962955765
  },
  "session_asia=1": {
    "accuracy": 0.5148430873621713,
    "balanced_accuracy": 0.5150575386629979,
    "f1": 0.5003494060097834,
    "log_loss": 0.6938659321786987,
    "mcc": 0.030177512557380843,
    "precision": 0.519405150525934,
    "recall": 0.4826423997303674,
    "roc_auc": 0.5141613532095307
  },
  "session_europe=0": {
    "accuracy": 0.511205494306886,
    "balanced_accuracy": 0.5113613882474449,
    "f1": 0.505168786021407,
    "log_loss": 0.6935204033356814,
    "mcc": 0.022734660687447943,
    "precision": 0.5163643164391247,
    "recall": 0.49444842406876793,
    "roc_auc": 0.5125911389867752
  },
  "session_europe=1": {
    "accuracy": 0.5096096096096097,
    "balanced_accuracy": 0.509526759110502,
    "f1": 0.503043213633597,
    "log_loss": 0.6944375279348466,
    "mcc": 0.019052459618030863,
    "precision": 0.5019738839963559,
    "recall": 0.5041171088746569,
    "roc_auc": 0.5082721925504625
  },
  "session_us=0": {
    "accuracy": 0.5130128320983192,
    "balanced_accuracy": 0.5130002926757884,
    "f1": 0.5013417229573425,
    "log_loss": 0.6939295357138532,
    "mcc": 0.026028456192123663,
    "precision": 0.5133598635588402,
    "recall": 0.489873417721519,
    "roc_auc": 0.5110906484859254
  },
  "session_us=1": {
    "accuracy": 0.5066066066066066,
    "balanced_accuracy": 0.5066021480416751,
    "f1": 0.5092592592592593,
    "log_loss": 0.693757729301686,
    "mcc": 0.013204939145020831,
    "precision": 0.5069878085043116,
    "recall": 0.5115511551155115,
    "roc_auc": 0.5106898877444102
  },
  "volatility_regime=high": {
    "accuracy": 0.5166200139958013,
    "balanced_accuracy": 0.5166041310710825,
    "f1": 0.5107136532672215,
    "log_loss": 0.6931111873221528,
    "mcc": 0.03321682146411626,
    "precision": 0.5162907268170426,
    "recall": 0.5052557813594954,
    "roc_auc": 0.5204164395650029
  },
  "volatility_regime=low": {
    "accuracy": 0.5061393717110508,
    "balanced_accuracy": 0.5060040686586141,
    "f1": 0.484434826036291,
    "log_loss": 0.6945980665576478,
    "mcc": 0.01204750854196037,
    "precision": 0.5048577376821651,
    "recall": 0.4656,
    "roc_auc": 0.5050424411951684
  },
  "volatility_regime=medium": {
    "accuracy": 0.5094964279491201,
    "balanced_accuracy": 0.5094125812806206,
    "f1": 0.5187211489143443,
    "log_loss": 0.6938147233389608,
    "mcc": 0.0188353563990563,
    "precision": 0.5116357504215852,
    "recall": 0.526005547850208,
    "roc_auc": 0.5091773320281473
  }
}