{
  "close": 3.3196688051012595,
  "close_open_range": 0.011290649984704932,
  "funding_change": 0.00022207961451204097,
  "funding_rate": 1.0974772658936793,
  "funding_zscore": 0.0392088176341962,
  "high": 3.2823912740331203,
  "high_low_range": 0.02460659580143435,
  "hurst_exponent": 0.036514896446898266,
  "log_return": 0.011290649984704932,
  "low": 3.304333683128853,
  "open": 3.31871894464551,
  "parkinson_volatility_1": 0.024736651746432272,
  "parkinson_volatility_15": 0.0214843715787984,
  "parkinson_volatility_3": 0.025568953487390536,
  "parkinson_volatility_30": 0.030143908580029518,
  "parkinson_volatility_5": 0.021205004668809136,
  "parkinson_volatility_60": 0.0340228020760496,
  "realized_vol_percentile": 0.0034539965211628225,
  "realized_volatility_1": 0.01042516530015242,
  "realized_volatility_15": 0.017275730303515674,
  "realized_volatility_3": 0.022069286827702938,
  "realized_volatility_30": 0.017402512874673228,
  "realized_volatility_5": 0.02081746908706401,
  "realized_volatility_60": 0.032374485050865744,
  "rolling_entropy": 0.17637812046430068,
  "rolling_return_1": 0.011290649984704932,
  "rolling_return_15": 0.009958599197826894,
  "rolling_return_3": 0.005772599585026729,
  "rolling_return_30": 0.020851735541460876,
  "rolling_return_5": 0.00822169760949364,
  "rolling_return_60": 0.024225780660805094,
  "rolling_volatility_15": 0.014739933901574194,
  "rolling_volatility_3": 0.007847890495117095,
  "rolling_volatility_30": 0.01746764801083348,
  "rolling_volatility_5": 0.014077845607086316,
  "rolling_volatility_60": 0.03392152348622535,
  "session_asia": 0.0,
  "session_europe": 0.0,
  "session_us": 0.0,
  "trend_strength": 0.021489303497253438,
  "volume": 0.26237940550038247,
  "vwap": 3.3037187171936884,
  "vwap_distance": 0.017097517326274923
}