{
  "accuracy": 0.5476489259614675,
  "balanced_accuracy": 0.5476489259614675,
  "f1": 0.5712886525815027,
  "information_coefficient": 0.046302222853508504,
  "log_loss": 0.6852513165324524,
  "mcc": 0.09588271177794952,
  "mutual_information": 0.013231816877633973,
  "pearson_corr": 0.016767814827926695,
  "precision": 0.5429160295193138,
  "recall": 0.6027902856721046,
  "roc_auc": 0.5677794902713398,
  "spearman_corr": 0.046302222853508504
}