{
  "hit_rate": 0.04432715730420019,
  "max_drawdown": -1.314782668551832,
  "profit_factor": 0.6735044949319912,
  "sharpe_ratio": -8.228749893102856,
  "sortino_ratio": -4.6516908926093885,
  "turnover": 0.13944046652395364
}