{
  "session_asia=0": {
    "accuracy": 0.549837277290529,
    "balanced_accuracy": 0.5488724127278344,
    "f1": 0.5881818640561134,
    "log_loss": 0.6855012701780877,
    "mcc": 0.09927311851459845,
    "precision": 0.5471273000375516,
    "recall": 0.6358974358974359,
    "roc_auc": 0.5677793735407167
  },
  "session_asia=1": {
    "accuracy": 0.543223647518126,
    "balanced_accuracy": 0.5430114348136152,
    "f1": 0.533120510774142,
    "log_loss": 0.6847458609115128,
    "mcc": 0.0860199613256108,
    "precision": 0.532695374800638,
    "recall": 0.5335463258785943,
    "roc_auc": 0.5657142020602204
  },
  "session_europe=0": {
    "accuracy": 0.5512812925371368,
    "balanced_accuracy": 0.551973846053216,
    "f1": 0.5715900101706407,
    "log_loss": 0.6839180422250788,
    "mcc": 0.10454549235153344,
    "precision": 0.5405578711125361,
    "recall": 0.606402110058746,
    "roc_auc": 0.5725390424820385
  },
  "session_europe=1": {
    "accuracy": 0.5416298911444543,
    "balanced_accuracy": 0.5404372126454587,
    "f1": 0.5707988980716253,
    "log_loss": 0.6874606267189474,
    "mcc": 0.08139493354795115,
    "precision": 0.5467980295566502,
    "recall": 0.597003457548982,
    "roc_auc": 0.559774497668604
  },
  "session_us=0": {
    "accuracy": 0.5426107641986322,
    "balanced_accuracy": 0.5426527477089765,
    "f1": 0.5363236269367577,
    "log_loss": 0.6850631390788283,
    "mcc": 0.08527260798925572,
    "precision": 0.5287055747058125,
    "recall": 0.5441644237827257,
    "roc_auc": 0.5654353478999904
  },
  "session_us=1": {
    "accuracy": 0.5558906508415216,
    "balanced_accuracy": 0.5494135835979584,
    "f1": 0.6196150320806599,
    "log_loss": 0.6855591484113013,
    "mcc": 0.10314575822191471,
    "precision": 0.5609535304767652,
    "recall": 0.6919784105713754,
    "roc_auc": 0.5650036999328298
  },
  "volatility_regime=high": {
    "accuracy": 0.5390755761555298,
    "balanced_accuracy": 0.5295138704306575,
    "f1": 0.625366262034324,
    "log_loss": 0.6892973264591887,
    "mcc": 0.0647819330446211,
    "precision": 0.5440640932265113,
    "recall": 0.735236220472441,
    "roc_auc": 0.5423234991420023
  },
  "volatility_regime=low": {
    "accuracy": 0.5494350282485876,
    "balanced_accuracy": 0.5450593638521937,
    "f1": 0.49296094459582196,
    "log_loss": 0.6817850538110297,
    "mcc": 0.09131611099250035,
    "precision": 0.5275820170109357,
    "recall": 0.4626038781163435,
    "roc_auc": 0.5741218621807818
  },
  "volatility_regime=medium": {
    "accuracy": 0.5528412108337759,
    "balanced_accuracy": 0.5515047113919765,
    "f1": 0.5882237871674492,
    "log_loss": 0.6855627596544682,
    "mcc": 0.10424246512277875,
    "precision": 0.5533676849466324,
    "recall": 0.6277661795407098,
    "roc_auc": 0.5685598826383795
  }
}