{
  "close": 3.1237417950324593,
  "close_open_range": 0.07578753388939787,
  "funding_change": 0.0006124195556984857,
  "funding_rate": 0.2635564129784925,
  "funding_zscore": 0.013085217452043737,
  "high": 2.747288244254698,
  "high_low_range": 0.2459796654252394,
  "hurst_exponent": 0.12383367646309487,
  "log_return": 0.07578753388939787,
  "low": 3.1569708459581562,
  "open": 3.1232633570647774,
  "parkinson_volatility_1": 0.2461385840272991,
  "parkinson_volatility_15": 0.2503494735961442,
  "parkinson_volatility_3": 0.2696761272065594,
  "parkinson_volatility_30": 0.2588713599676256,
  "parkinson_volatility_5": 0.26899929604631084,
  "parkinson_volatility_60": 0.2552626124941086,
  "realized_vol_percentile": 0.004674941810354816,
  "realized_volatility_1": 0.07629675513299079,
  "realized_volatility_15": 0.2238494112167865,
  "realized_volatility_3": 0.15629396549971364,
  "realized_volatility_30": 0.22256532526893116,
  "realized_volatility_5": 0.1916664742591387,
  "realized_volatility_60": 0.2291275949269449,
  "rolling_entropy": 0.2733280482619374,
  "rolling_return_1": 0.07578753388939787,
  "rolling_return_15": 0.058462944793427896,
  "rolling_return_3": 0.05416965291852789,
  "rolling_return_30": 0.046197714248612194,
  "rolling_return_5": 0.05192154067909883,
  "rolling_return_60": 0.07379207614944341,
  "rolling_volatility_15": 0.21801783575816153,
  "rolling_volatility_3": 0.098959116426641,
  "rolling_volatility_30": 0.2279793608109232,
  "rolling_volatility_5": 0.16883917245905708,
  "rolling_volatility_60": 0.23164704643707343,
  "session_asia": 0.0,
  "session_europe": 0.0,
  "session_us": 0.0,
  "trend_strength": 0.024324085282359107,
  "volume": 0.541088765151373,
  "vwap": 2.7683163449763932,
  "vwap_distance": 0.09734094510111499
}