{
  "session_asia=0": {
    "accuracy": 0.5270635472164311,
    "balanced_accuracy": 0.5267210613692328,
    "f1": 0.5583675823779652,
    "log_loss": 0.6917404641982154,
    "mcc": 0.05394823307324389,
    "precision": 0.5260154870262193,
    "recall": 0.594960049170252,
    "roc_auc": 0.5382685081726083
  },
  "session_asia=1": {
    "accuracy": 0.5287018412501934,
    "balanced_accuracy": 0.5290930376526979,
    "f1": 0.5440119760479042,
    "log_loss": 0.6916439769731992,
    "mcc": 0.05835733201594471,
    "precision": 0.5219764435507038,
    "recall": 0.5679899968740232,
    "roc_auc": 0.5424840751399028
  },
  "session_europe=0": {
    "accuracy": 0.5232883475971034,
    "balanced_accuracy": 0.523377934190657,
    "f1": 0.5475279231430134,
    "log_loss": 0.6927247936012753,
    "mcc": 0.047034962299619704,
    "precision": 0.5202612438770966,
    "recall": 0.5778107484338938,
    "roc_auc": 0.5342516414088471
  },
  "session_europe=1": {
    "accuracy": 0.5348388873588543,
    "balanced_accuracy": 0.5346593890911153,
    "f1": 0.5639039504260264,
    "log_loss": 0.6900074474202943,
    "mcc": 0.06991681391131475,
    "precision": 0.5320341047503045,
    "recall": 0.5998352101071134,
    "roc_auc": 0.548660082807566
  },
  "session_us=0": {
    "accuracy": 0.5300420341218165,
    "balanced_accuracy": 0.5303810857809718,
    "f1": 0.547747461928934,
    "log_loss": 0.6908900914170676,
    "mcc": 0.060986935444188345,
    "precision": 0.5240552435877979,
    "recall": 0.5736833361023426,
    "roc_auc": 0.5451073644613451
  },
  "session_us=1": {
    "accuracy": 0.5235544568053839,
    "balanced_accuracy": 0.5224606715999356,
    "f1": 0.5631532552575242,
    "log_loss": 0.6930718714250236,
    "mcc": 0.045567077105531734,
    "precision": 0.5257465318598636,
    "recall": 0.6062906724511931,
    "roc_auc": 0.5299502286018909
  },
  "volatility_regime=high": {
    "accuracy": 0.5156112576956904,
    "balanced_accuracy": 0.5163611816043575,
    "f1": 0.5353300991352036,
    "log_loss": 0.6941617461653836,
    "mcc": 0.03288295249722115,
    "precision": 0.5073970411835266,
    "recall": 0.5665178571428572,
    "roc_auc": 0.5209621232050012
  },
  "volatility_regime=low": {
    "accuracy": 0.5286428733803137,
    "balanced_accuracy": 0.5287490083915999,
    "f1": 0.5542298183381705,
    "log_loss": 0.6917216161933383,
    "mcc": 0.05789293024657172,
    "precision": 0.5248371335504886,
    "recall": 0.5871099977226144,
    "roc_auc": 0.5408855045571741
  },
  "volatility_regime=medium": {
    "accuracy": 0.5351021753460777,
    "balanced_accuracy": 0.5342076051959973,
    "f1": 0.5663335895465027,
    "log_loss": 0.6898502594231576,
    "mcc": 0.068995884951574,
    "precision": 0.537182852143482,
    "recall": 0.5988296488946684,
    "roc_auc": 0.5516035283512861
  }
}