{
  "session_asia=0": {
    "accuracy": 0.5161092359619516,
    "balanced_accuracy": 0.5161422895248758,
    "f1": 0.5407019076743848,
    "log_loss": 0.6927076993173221,
    "mcc": 0.03247346300790135,
    "precision": 0.5142659279778393,
    "recall": 0.5700030703101013,
    "roc_auc": 0.5261756293641408
  },
  "session_asia=1": {
    "accuracy": 0.5156682027649769,
    "balanced_accuracy": 0.5155997035962876,
    "f1": 0.5415151955794678,
    "log_loss": 0.6922841929729158,
    "mcc": 0.031395223683411605,
    "precision": 0.5146489773355445,
    "recall": 0.5713409021172139,
    "roc_auc": 0.5266479717006376
  },
  "session_europe=0": {
    "accuracy": 0.514886307868477,
    "balanced_accuracy": 0.5143873987224825,
    "f1": 0.5492133465075625,
    "log_loss": 0.6922562739413416,
    "mcc": 0.029083306679528825,
    "precision": 0.515995429877178,
    "recall": 0.5870024370430544,
    "roc_auc": 0.5244629319368785
  },
  "session_europe=1": {
    "accuracy": 0.51775956284153,
    "balanced_accuracy": 0.5180378496496448,
    "f1": 0.5264287630802253,
    "log_loss": 0.6930850354299798,
    "mcc": 0.036115104376885865,
    "precision": 0.5114702815432742,
    "recall": 0.5422885572139303,
    "roc_auc": 0.5286097649694979
  },
  "session_us=0": {
    "accuracy": 0.5176538051937413,
    "balanced_accuracy": 0.5177217775706634,
    "f1": 0.5397842738783805,
    "log_loss": 0.6920667012620462,
    "mcc": 0.03561343382383372,
    "precision": 0.515450067174205,
    "recall": 0.5665299425758819,
    "roc_auc": 0.5288732825378283
  },
  "session_us=1": {
    "accuracy": 0.5131489303719853,
    "balanced_accuracy": 0.5130008129128526,
    "f1": 0.5429192784955865,
    "log_loss": 0.6933982071465451,
    "mcc": 0.026217032283235228,
    "precision": 0.5126842232423291,
    "recall": 0.5769439912996194,
    "roc_auc": 0.5220286683602227
  },
  "volatility_regime=high": {
    "accuracy": 0.5116046084488228,
    "balanced_accuracy": 0.5114940670063279,
    "f1": 0.5328222328701485,
    "log_loss": 0.6916461574321207,
    "mcc": 0.023078265842350645,
    "precision": 0.5118134397054311,
    "recall": 0.5556295802798135,
    "roc_auc": 0.5261572633086702
  },
  "volatility_regime=low": {
    "accuracy": 0.5163415579382509,
    "balanced_accuracy": 0.5160168727249425,
    "f1": 0.5467312348668281,
    "log_loss": 0.6925978643956953,
    "mcc": 0.03230347068545482,
    "precision": 0.5167048054919908,
    "recall": 0.5804627249357327,
    "roc_auc": 0.5267489364429097
  },
  "volatility_regime=medium": {
    "accuracy": 0.5199449793672627,
    "balanced_accuracy": 0.5204272603150406,
    "f1": 0.541543513957307,
    "log_loss": 0.6934729641344989,
    "mcc": 0.04107337845469977,
    "precision": 0.5138672483639763,
    "recall": 0.5723707046164527,
    "roc_auc": 0.5256602175919657
  }
}