{
  "accuracy": 0.5486454565586477,
  "balanced_accuracy": 0.5486454565586476,
  "f1": 0.5865088757396449,
  "information_coefficient": 0.04730099678833462,
  "log_loss": 0.6839999145411046,
  "mcc": 0.09896472232091355,
  "mutual_information": 0.006913584481505808,
  "pearson_corr": 0.013889964771727147,
  "precision": 0.5411155477913651,
  "recall": 0.640215545877316,
  "roc_auc": 0.5727145411296849,
  "spearman_corr": 0.04730099678833462
}