{
  "hit_rate": 0.049605078615191554,
  "max_drawdown": -1.294817759402973,
  "profit_factor": 0.7117178708891291,
  "sharpe_ratio": -7.467520497906653,
  "sortino_ratio": -4.412893319781049,
  "turnover": 0.13951428360522625
}