{
  "session_asia=0": {
    "accuracy": 0.5517127254674831,
    "balanced_accuracy": 0.5503554132879946,
    "f1": 0.6027665086270101,
    "log_loss": 0.6842728219996291,
    "mcc": 0.10389632064507973,
    "precision": 0.5459536036833716,
    "recall": 0.6727768685215494,
    "roc_auc": 0.5743276311891197
  },
  "session_asia=1": {
    "accuracy": 0.5424428332403792,
    "balanced_accuracy": 0.5430934705711472,
    "f1": 0.550021939447126,
    "log_loss": 0.6834480417786292,
    "mcc": 0.08630122159982145,
    "precision": 0.5295732995352768,
    "recall": 0.572113190324053,
    "roc_auc": 0.567771071288899
  },
  "session_europe=0": {
    "accuracy": 0.5517547493637924,
    "balanced_accuracy": 0.5529429614796463,
    "f1": 0.5873828720854216,
    "log_loss": 0.6820001394783772,
    "mcc": 0.10774567943088635,
    "precision": 0.5382925611582626,
    "recall": 0.6463253806498022,
    "roc_auc": 0.5782910998179012
  },
  "session_europe=1": {
    "accuracy": 0.5434931842698832,
    "balanced_accuracy": 0.5416207490809619,
    "f1": 0.5850788840360104,
    "log_loss": 0.6873136538011716,
    "mcc": 0.08459492601100918,
    "precision": 0.545817395642774,
    "recall": 0.6304264310411064,
    "roc_auc": 0.5634954866512315
  },
  "session_us=0": {
    "accuracy": 0.5464168896818317,
    "balanced_accuracy": 0.5474006836663069,
    "f1": 0.5554065870008744,
    "log_loss": 0.6831741360096899,
    "mcc": 0.09498604143399655,
    "precision": 0.5304531789333037,
    "recall": 0.5828235869831172,
    "roc_auc": 0.5713311422628878
  },
  "session_us=1": {
    "accuracy": 0.5522910788987255,
    "balanced_accuracy": 0.5439507862271906,
    "f1": 0.6294685990338165,
    "log_loss": 0.6853507722126424,
    "mcc": 0.0945651301412626,
    "precision": 0.554704129416773,
    "recall": 0.7275265214963708,
    "roc_auc": 0.5682200390607899
  },
  "volatility_regime=high": {
    "accuracy": 0.5420368224539719,
    "balanced_accuracy": 0.5308683133062998,
    "f1": 0.6379643765903308,
    "log_loss": 0.6888521568577951,
    "mcc": 0.07045019490664692,
    "precision": 0.5440027772956084,
    "recall": 0.7711614173228346,
    "roc_auc": 0.5450643471669065
  },
  "volatility_regime=low": {
    "accuracy": 0.5497376916868443,
    "balanced_accuracy": 0.5461413771665733,
    "f1": 0.5015078744554898,
    "log_loss": 0.6801580582945398,
    "mcc": 0.09307511847056105,
    "precision": 0.5269953051643192,
    "recall": 0.47837204346899637,
    "roc_auc": 0.5812003192616008
  },
  "volatility_regime=medium": {
    "accuracy": 0.552947424322889,
    "balanced_accuracy": 0.550544038819613,
    "f1": 0.6101694915254238,
    "log_loss": 0.6840416684489339,
    "mcc": 0.10515863835189425,
    "precision": 0.5483602463792242,
    "recall": 0.6876826722338205,
    "roc_auc": 0.5736873666986402
  }
}