{
  "session_asia=0": {
    "accuracy": 0.5198581013341559,
    "balanced_accuracy": 0.5196874882836713,
    "f1": 0.5451490356516657,
    "log_loss": 0.6922615108625421,
    "mcc": 0.03960663030563138,
    "precision": 0.5193485523385301,
    "recall": 0.5736469864698647,
    "roc_auc": 0.5262044909246865
  },
  "session_asia=1": {
    "accuracy": 0.5209072673970067,
    "balanced_accuracy": 0.5213205281312557,
    "f1": 0.5488885660322533,
    "log_loss": 0.6923419424533982,
    "mcc": 0.043007315568828856,
    "precision": 0.5156975156975157,
    "recall": 0.5866459627329192,
    "roc_auc": 0.5253900796349098
  },
  "session_europe=0": {
    "accuracy": 0.5233122276128608,
    "balanced_accuracy": 0.5231245424580286,
    "f1": 0.548133135864058,
    "log_loss": 0.6916976512694,
    "mcc": 0.046512447329090996,
    "precision": 0.5226698379664041,
    "recall": 0.576204523107178,
    "roc_auc": 0.5321238483655396
  },
  "session_europe=1": {
    "accuracy": 0.5150267599835323,
    "balanced_accuracy": 0.5154131602914733,
    "f1": 0.5435288039266339,
    "log_loss": 0.693274050131451,
    "mcc": 0.031092830789390184,
    "precision": 0.5106796116504855,
    "recall": 0.5808945334069575,
    "roc_auc": 0.5158653762854407
  },
  "session_us=0": {
    "accuracy": 0.5194698279410555,
    "balanced_accuracy": 0.5199263851882217,
    "f1": 0.5448023083521797,
    "log_loss": 0.6923932687976182,
    "mcc": 0.04013660765129821,
    "precision": 0.5139788110653325,
    "recall": 0.5795586527293844,
    "roc_auc": 0.5248563110881209
  },
  "session_us=1": {
    "accuracy": 0.5214354198055061,
    "balanced_accuracy": 0.5207400366917172,
    "f1": 0.5490449148167269,
    "log_loss": 0.6921136973442524,
    "mcc": 0.04172860154487236,
    "precision": 0.5250555418415206,
    "recall": 0.5753313497430349,
    "roc_auc": 0.527682702806397
  },
  "volatility_regime=high": {
    "accuracy": 0.5186991869918699,
    "balanced_accuracy": 0.5178506159548888,
    "f1": 0.5520807061790668,
    "log_loss": 0.6925399064237208,
    "mcc": 0.03603617782282233,
    "precision": 0.521936099189318,
    "recall": 0.5859207708779444,
    "roc_auc": 0.5241320248356396
  },
  "volatility_regime=low": {
    "accuracy": 0.5247632920611799,
    "balanced_accuracy": 0.5249089072168722,
    "f1": 0.5270025371511418,
    "log_loss": 0.6912291343694691,
    "mcc": 0.04982606296455318,
    "precision": 0.517990737442109,
    "recall": 0.5363334562891922,
    "roc_auc": 0.5351599374530045
  },
  "volatility_regime=medium": {
    "accuracy": 0.5180961070559611,
    "balanced_accuracy": 0.5183801917763338,
    "f1": 0.5551031868594694,
    "log_loss": 0.6928905451689285,
    "mcc": 0.03730125544778807,
    "precision": 0.5140405616224649,
    "recall": 0.6032956972841013,
    "roc_auc": 0.5190642285050824
  }
}