{
  "close": 1.4713999676085872,
  "close_open_range": 0.03885155842778044,
  "funding_change": 0.010585106230848268,
  "funding_rate": 0.16430345339120508,
  "funding_zscore": 0.004915952060514982,
  "high": 1.4503720658258275,
  "high_low_range": 0.10460904866219656,
  "hurst_exponent": 0.019623875532154226,
  "log_return": 0.03885155842778044,
  "low": 1.493623430103941,
  "open": 1.4711684211570915,
  "parkinson_volatility_1": 0.10466006276758207,
  "parkinson_volatility_15": 0.17570790588366045,
  "parkinson_volatility_3": 0.13881776413782632,
  "parkinson_volatility_30": 0.19293204652536902,
  "parkinson_volatility_5": 0.15129147315639385,
  "parkinson_volatility_60": 0.20294694284665582,
  "realized_vol_percentile": 0.018358308758475928,
  "realized_volatility_1": 0.04709124331674273,
  "realized_volatility_15": 0.17506459243336897,
  "realized_volatility_3": 0.09640080995553929,
  "realized_volatility_30": 0.20231124638343448,
  "realized_volatility_5": 0.12350515923837768,
  "realized_volatility_60": 0.22685722846902026,
  "rolling_entropy": 0.08122307154862167,
  "rolling_return_1": 0.03885155842778044,
  "rolling_return_15": 0.03903220880470366,
  "rolling_return_3": 0.04218651052104692,
  "rolling_return_30": 0.04794869864653271,
  "rolling_return_5": 0.03980247131441829,
  "rolling_return_60": 0.0645406005576598,
  "rolling_volatility_15": 0.18328045655994885,
  "rolling_volatility_3": 0.0905699906669095,
  "rolling_volatility_30": 0.2059565027022735,
  "rolling_volatility_5": 0.1230847432549445,
  "rolling_volatility_60": 0.2314631818770322,
  "session_asia": 0.0,
  "session_europe": 0.0,
  "session_us": 0.0,
  "trend_strength": 0.050025196813736336,
  "volume": 0.00410299068956324,
  "vwap": 1.4680195244833607,
  "vwap_distance": 0.03831744498528697
}